year,state,state_po,state_fips,state_cen,state_ic,office,candidate,party_detailed,writein,candidatevotes,totalvotes
2016,ALABAMA,AL,1,63,41,US PRESIDENT,"TRUMP, DONALD J.",REPUBLICAN,False,1318255,2123372
2016,ALABAMA,AL,1,63,41,US PRESIDENT,"CLINTON, HILLARY",DEMOCRAT,False,729547,2123372
2016,ALABAMA,AL,1,63,41,US PRESIDENT,"JOHNSON, GARY",LIBERTARIAN,False,44467,2123372
2016,ALABAMA,AL,1,63,41,US PRESIDENT,,,True,21712,2123372
2016,ALABAMA,AL,1,63,41,US PRESIDENT,"STEIN, JILL",GREEN,False,9391,2123372
2016,ALASKA,AK,2,94,81,US PRESIDENT,"TRUMP, DONALD J.",REPUBLICAN,False,163387,318608
2016,ALASKA,AK,2,94,81,US PRESIDENT,"CLINTON, HILLARY",DEMOCRAT,False,116454,318608
2016,ALASKA,AK,2,94,81,US PRESIDENT,"JOHNSON, GARY",LIBERTARIAN,False,18725,318608
2016,ALASKA,AK,2,94,81,US PRESIDENT,,,True,9201,318608
2016,ALASKA,AK,2,94,81,US PRESIDENT,"STEIN, JILL",GREEN,False,5735,318608
2016,ALASKA,AK,2,94,81,US PRESIDENT,"CASTLE, DARRELL L.",CONSTITUTION PARTY,False,3866,318608
2016,ALASKA,AK,2,94,81,US PRESIDENT,"DE LA FUENTE, ROQUE """"ROCKY""""",NO PARTY AFFILIATION,False,1240,318608
2016,ARIZONA,AZ,4,86,61,US PRESIDENT,"TRUMP, DONALD J.",REPUBLICAN,False,1252401,2573165
2016,ARIZONA,AZ,4,86,61,US PRESIDENT,"CLINTON, HILLARY",DEMOCRAT,False,1161167,2573165
2016,ARIZONA,AZ,4,86,61,US PRESIDENT,"JOHNSON, GARY",LIBERTARIAN,False,106327,2573165
2016,ARIZONA,AZ,4,86,61,US PRESIDENT,"STEIN, JILL",GREEN,False,34345,2573165
2016,ARIZONA,AZ,4,86,61,US PRESIDENT,,INDEPENDENT,True,17473,2573165
2016,ARIZONA,AZ,4,86,61,US PRESIDENT,"CASTLE, DARRELL L.",CONSTITUTION PARTY,True,1058,2573165
2016,ARIZONA,AZ,4,86,61,US PRESIDENT,,NO PARTY AFFILIATION,True,311,2573165
2016,ARIZONA,AZ,4,86,61,US PRESIDENT,,DEMOCRAT,True,42,2573165
2016,ARIZONA,AZ,4,86,61,US PRESIDENT,"DE LA FUENTE, ROQUE """"ROCKY""""",AMERICAN DELTA PARTY,True,29,2573165
2016,ARIZONA,AZ,4,86,61,US PRESIDENT,"TITTLE, SHEILA """"SAMM""""",WE THE PEOPLE,True,12,2573165
2016,ARKANSAS,AR,5,71,42,US PRESIDENT,"TRUMP, DONALD J.",REPUBLICAN,False,684872,1130635
2016,ARKANSAS,AR,5,71,42,US PRESIDENT,"CLINTON, HILLARY",DEMOCRAT,False,380494,1130635
2016,ARKANSAS,AR,5,71,42,US PRESIDENT,"JOHNSON, GARY",LIBERTARIAN,False,29829,1130635
2016,ARKANSAS,AR,5,71,42,US PRESIDENT,"MCMULLIN, EVAN",BETTER FOR AMERICA,False,13255,1130635
2016,ARKANSAS,AR,5,71,42,US PRESIDENT,"STEIN, JILL",GREEN,False,9473,1130635
2016,ARKANSAS,AR,5,71,42,US PRESIDENT,"HEDGES, JIM",PROHIBITION,False,4709,1130635
2016,ARKANSAS,AR,5,71,42,US PRESIDENT,"CASTLE, DARRELL L.",CONSTITUTION PARTY,False,4613,1130635
2016,ARKANSAS,AR,5,71,42,US PRESIDENT,"KAHN, LYNN S.",INDEPENDENT,False,3390,1130635
2016,CALIFORNIA,CA,6,93,71,US PRESIDENT,"CLINTON, HILLARY",DEMOCRAT,False,8753788,14181595
2016,CALIFORNIA,CA,6,93,71,US PRESIDENT,"TRUMP, DONALD J.",REPUBLICAN,False,4483810,14181595
2016,CALIFORNIA,CA,6,93,71,US PRESIDENT,"JOHNSON, GARY",LIBERTARIAN,False,478500,14181595
2016,CALIFORNIA,CA,6,93,71,US PRESIDENT,"STEIN, JILL",GREEN,False,278657,14181595
2016,CALIFORNIA,CA,6,93,71,US PRESIDENT,,,True,120739,14181595
2016,CALIFORNIA,CA,6,93,71,US PRESIDENT,"LA RIVA, GLORIA ESTELLA",PEACE & FREEDOM,False,66101,14181595
2016,COLORADO,CO,8,84,62,US PRESIDENT,"CLINTON, HILLARY",DEMOCRAT,False,1338870,2780220
2016,COLORADO,CO,8,84,62,US PRESIDENT,"TRUMP, DONALD J.",REPUBLICAN,False,1202484,2780220
2016,COLORADO,CO,8,84,62,US PRESIDENT,"JOHNSON, GARY",LIBERTARIAN,False,144121,2780220
2016,COLORADO,CO,8,84,62,US PRESIDENT,"STEIN, JILL",GREEN,False,38437,2780220
2016,COLORADO,CO,8,84,62,US PRESIDENT,SCATTERING,UNAFFILIATED,False,31485,2780220
2016,COLORADO,CO,8,84,62,US PRESIDENT,"CASTLE, DARRELL L.",AMERICAN CONSTITUTION PARTY,False,11699,2780220
2016,COLORADO,CO,8,84,62,US PRESIDENT,"KENISTON, CHRIS",VETERANS PARTY OF AMERICA,False,5028,2780220
2016,COLORADO,CO,8,84,62,US PRESIDENT,"DE LA FUENTE, ROQUE """"ROCKY""""",AMERICAN DELTA PARTY,False,1255,2780220
2016,COLORADO,CO,8,84,62,US PRESIDENT,"KOPITKE, KYLE KENLEY",INDEPENDENT AMERICAN,False,1096,2780220
2016,COLORADO,CO,8,84,62,US PRESIDENT,"MALDONADO, JOSEPH ALLEN",INDEPENDENT PEOPLE OF COLORADO,False,872,2780220
2016,COLORADO,CO,8,84,62,US PRESIDENT,"MATUREN, MICHAEL A.",AMERICAN SOLIDARITY PARTY,False,862,2780220
2016,COLORADO,CO,8,84,62,US PRESIDENT,"SILVA, ROD",NUTRITION PARTY,False,751,2780220
2016,COLORADO,CO,8,84,62,US PRESIDENT,"HOEFLING, TOM",AMERICA'S PARTY,False,710,2780220
2016,COLORADO,CO,8,84,62,US PRESIDENT,"LA RIVA, GLORIA ESTELLA",SOCIALISM AND LIBERATION PARTY,False,531,2780220
2016,COLORADO,CO,8,84,62,US PRESIDENT,"KENNEDY, ALYSON",SOCIALIST WORKERS,False,452,2780220
2016,COLORADO,CO,8,84,62,US PRESIDENT,"KOTLIKOFF, LAURENCE",KOTLIKOFF FOR PRESIDENT,False,392,2780220
2016,COLORADO,CO,8,84,62,US PRESIDENT,"LYTTLE, BRADFORD",NONVIOLENT RESISTANCE/PACIFIST,False,382,2780220
2016,COLORADO,CO,8,84,62,US PRESIDENT,"ATWOOD, FRANK",APPROVAL VOTING PARTY,False,337,2780220
2016,COLORADO,CO,8,84,62,US PRESIDENT,"EMIDIO """"MIMI"""", SOLTYSIK",SOCIALIST PARTY USA,False,271,2780220
2016,COLORADO,CO,8,84,62,US PRESIDENT,"HEDGES, JAMES",PROHIBITION,False,185,2780220
2016,CONNECTICUT,CT,9,16,1,US PRESIDENT,"CLINTON, HILLARY",DEMOCRAT,False,897572,1644920
2016,CONNECTICUT,CT,9,16,1,US PRESIDENT,"TRUMP, DONALD J.",REPUBLICAN,False,673215,1644920
2016,CONNECTICUT,CT,9,16,1,US PRESIDENT,"JOHNSON, GARY",LIBERTARIAN,False,48676,1644920
2016,CONNECTICUT,CT,9,16,1,US PRESIDENT,"STEIN, JILL",GREEN,False,22841,1644920
2016,CONNECTICUT,CT,9,16,1,US PRESIDENT,,,True,2616,1644920
2016,DELAWARE,DE,10,51,11,US PRESIDENT,"CLINTON, HILLARY",DEMOCRAT,False,235603,441590
2016,DELAWARE,DE,10,51,11,US PRESIDENT,"TRUMP, DONALD J.",REPUBLICAN,False,185127,441590
2016,DELAWARE,DE,10,51,11,US PRESIDENT,"JOHNSON, GARY",LIBERTARIAN,False,14757,441590
2016,DELAWARE,DE,10,51,11,US PRESIDENT,"STEIN, JILL",GREEN,False,6103,441590
2016,DISTRICT OF COLUMBIA,DC,11,53,55,US PRESIDENT,"CLINTON, HILLARY",DEMOCRAT,False,282830,312575
2016,DISTRICT OF COLUMBIA,DC,11,53,55,US PRESIDENT,"TRUMP, DONALD J.",REPUBLICAN,False,12723,312575
2016,DISTRICT OF COLUMBIA,DC,11,53,55,US PRESIDENT,,,True,6551,312575
2016,DISTRICT OF COLUMBIA,DC,11,53,55,US PRESIDENT,"JOHNSON, GARY",LIBERTARIAN,False,4906,312575
2016,DISTRICT OF COLUMBIA,DC,11,53,55,US PRESIDENT,"STEIN, JILL",GREEN,False,4258,312575
2016,DISTRICT OF COLUMBIA,DC,11,53,55,US PRESIDENT,BLANK VOTE,,False,1064,312575
2016,DISTRICT OF COLUMBIA,DC,11,53,55,US PRESIDENT,OVER VOTE,,False,243,312575
2016,FLORIDA,FL,12,59,43,US PRESIDENT,"TRUMP, DONALD J.",REPUBLICAN,False,4617886,9420039
2016,FLORIDA,FL,12,59,43,US PRESIDENT,"CLINTON, HILLARY",DEMOCRAT,False,4504975,9420039
2016,FLORIDA,FL,12,59,43,US PRESIDENT,"JOHNSON, GARY",LIBERTARIAN,False,207043,9420039
2016,FLORIDA,FL,12,59,43,US PRESIDENT,"STEIN, JILL",GREEN,False,64399,9420039
2016,FLORIDA,FL,12,59,43,US PRESIDENT,"CASTLE, DARRELL L.",CONSTITUTION PARTY,False,16475,9420039
2016,FLORIDA,FL,12,59,43,US PRESIDENT,"DE LA FUENTE, ROQUE """"ROCKY""""",REFORM PARTY,False,9108,9420039
2016,FLORIDA,FL,12,59,43,US PRESIDENT,,,True,153,9420039
2016,GEORGIA,GA,13,58,44,US PRESIDENT,"TRUMP, DONALD J.",REPUBLICAN,False,2089104,4114732
2016,GEORGIA,GA,13,58,44,US PRESIDENT,"CLINTON, HILLARY",DEMOCRAT,False,1877963,4114732
2016,GEORGIA,GA,13,58,44,US PRESIDENT,"JOHNSON, GARY",LIBERTARIAN,False,125306,4114732
2016,GEORGIA,GA,13,58,44,US PRESIDENT,,,True,22359,4114732
2016,HAWAII,HI,15,95,82,US PRESIDENT,"CLINTON, HILLARY",DEMOCRAT,False,266891,437664
2016,HAWAII,HI,15,95,82,US PRESIDENT,"TRUMP, DONALD J.",REPUBLICAN,False,128847,437664
2016,HAWAII,HI,15,95,82,US PRESIDENT,"JOHNSON, GARY",LIBERTARIAN,False,15954,437664
2016,HAWAII,HI,15,95,82,US PRESIDENT,"STEIN, JILL",GREEN,False,12737,437664
2016,HAWAII,HI,15,95,82,US PRESIDENT,BLANK VOTE,,False,8289,437664
2016,HAWAII,HI,15,95,82,US PRESIDENT,"CASTLE, DARRELL L.",CONSTITUTION PARTY,False,4508,437664
2016,HAWAII,HI,15,95,82,US PRESIDENT,OVER VOTE,,False,438,437664
2016,IDAHO,ID,16,82,63,US PRESIDENT,"TRUMP, DONALD J.",REPUBLICAN,False,409055,690255
2016,IDAHO,ID,16,82,63,US PRESIDENT,"CLINTON, HILLARY",DEMOCRAT,False,189765,690255
2016,IDAHO,ID,16,82,63,US PRESIDENT,"MCMULLIN, EVAN",INDEPENDENT,False,60748,690255
2016,IDAHO,ID,16,82,63,US PRESIDENT,"JOHNSON, GARY",LIBERTARIAN,False,28331,690255
2016,IDAHO,ID,16,82,63,US PRESIDENT,"CASTLE, DARRELL L.",CONSTITUTION PARTY,False,2356,690255
2016,ILLINOIS,IL,17,33,21,US PRESIDENT,"CLINTON, HILLARY",DEMOCRAT,False,3090729,5536424
2016,ILLINOIS,IL,17,33,21,US PRESIDENT,"TRUMP, DONALD J.",REPUBLICAN,False,2146015,5536424
2016,ILLINOIS,IL,17,33,21,US PRESIDENT,"JOHNSON, GARY",LIBERTARIAN,False,209596,5536424
2016,ILLINOIS,IL,17,33,21,US PRESIDENT,"STEIN, JILL",GREEN,False,76802,5536424
2016,ILLINOIS,IL,17,33,21,US PRESIDENT,,,True,13282,5536424
2016,INDIANA,IN,18,32,22,US PRESIDENT,"TRUMP, DONALD J.",REPUBLICAN,False,1557286,2734958
2016,INDIANA,IN,18,32,22,US PRESIDENT,"CLINTON, HILLARY",DEMOCRAT,False,1033126,2734958
2016,INDIANA,IN,18,32,22,US PRESIDENT,"JOHNSON, GARY",LIBERTARIAN,False,133993,2734958
2016,INDIANA,IN,18,32,22,US PRESIDENT,,GREEN,True,7841,2734958
2016,INDIANA,IN,18,32,22,US PRESIDENT,"CASTLE, DARRELL L.",CONSTITUTION PARTY,True,1937,2734958
2016,INDIANA,IN,18,32,22,US PRESIDENT,,INDEPENDENT,True,718,2734958
2016,INDIANA,IN,18,32,22,US PRESIDENT,"EMIDIO """"MIMI"""", SOLTYSIK",SOCIALIST PARTY USA,True,57,2734958
2016,IOWA,IA,19,42,31,US PRESIDENT,"TRUMP, DONALD J.",REPUBLICAN,False,800983,1565580
2016,IOWA,IA,19,42,31,US PRESIDENT,"CLINTON, HILLARY",DEMOCRAT,False,653669,1565580
2016,IOWA,IA,19,42,31,US PRESIDENT,"JOHNSON, GARY",LIBERTARIAN,False,59186,1565580
2016,IOWA,IA,19,42,31,US PRESIDENT,,,True,17746,1565580
2016,IOWA,IA,19,42,31,US PRESIDENT,"MCMULLIN, EVAN",NOMINATED BY PETITION,False,12366,1565580
2016,IOWA,IA,19,42,31,US PRESIDENT,"STEIN, JILL",GREEN,False,11479,1565580
2016,IOWA,IA,19,42,31,US PRESIDENT,"CASTLE, DARRELL L.",CONSTITUTION PARTY,False,5335,1565580
2016,IOWA,IA,19,42,31,US PRESIDENT,"KAHN, LYNN S.",NEW INDEPENDENT PARTY IOWA,False,2247,1565580
2016,IOWA,IA,19,42,31,US PRESIDENT,"VACEK, DAN",LEGAL MARIJUANA NOW,False,2246,1565580
2016,IOWA,IA,19,42,31,US PRESIDENT,"LA RIVA, GLORIA ESTELLA",SOCIALISM AND LIBERATION PARTY,False,323,1565580
2016,KANSAS,KS,20,47,32,US PRESIDENT,"TRUMP, DONALD J.",REPUBLICAN,False,671018,1184402
2016,KANSAS,KS,20,47,32,US PRESIDENT,"CLINTON, HILLARY",DEMOCRAT,False,427005,1184402
2016,KANSAS,KS,20,47,32,US PRESIDENT,"JOHNSON, GARY",LIBERTARIAN,False,55406,1184402
2016,KANSAS,KS,20,47,32,US PRESIDENT,"STEIN, JILL",INDEPENDENT,False,23506,1184402
2016,KANSAS,KS,20,47,32,US PRESIDENT,,,True,7467,1184402
2016,KENTUCKY,KY,21,61,51,US PRESIDENT,"TRUMP, DONALD J.",REPUBLICAN,False,1202971,1924149
2016,KENTUCKY,KY,21,61,51,US PRESIDENT,"CLINTON, HILLARY",DEMOCRAT,False,628854,1924149
2016,KENTUCKY,KY,21,61,51,US PRESIDENT,"JOHNSON, GARY",LIBERTARIAN,False,53752,1924149
2016,KENTUCKY,KY,21,61,51,US PRESIDENT,"MCMULLIN, EVAN",INDEPENDENT,False,22780,1924149
2016,KENTUCKY,KY,21,61,51,US PRESIDENT,"STEIN, JILL",GREEN,False,13913,1924149
2016,KENTUCKY,KY,21,61,51,US PRESIDENT,"DE LA FUENTE, ROQUE """"ROCKY""""",AMERICAN DELTA PARTY,False,1128,1924149
2016,KENTUCKY,KY,21,61,51,US PRESIDENT,,,True,751,1924149
2016,LOUISIANA,LA,22,72,45,US PRESIDENT,"TRUMP, DONALD J.",REPUBLICAN,False,1178638,2029032
2016,LOUISIANA,LA,22,72,45,US PRESIDENT,"CLINTON, HILLARY",DEMOCRAT,False,780154,2029032
2016,LOUISIANA,LA,22,72,45,US PRESIDENT,"JOHNSON, GARY",LIBERTARIAN,False,37978,2029032
2016,LOUISIANA,LA,22,72,45,US PRESIDENT,OTHER,,False,18231,2029032
2016,LOUISIANA,LA,22,72,45,US PRESIDENT,"STEIN, JILL",GREEN,False,14031,2029032
2016,MAINE,ME,23,11,2,US PRESIDENT,"CLINTON, HILLARY",DEMOCRAT,False,357735,771892
2016,MAINE,ME,23,11,2,US PRESIDENT,"TRUMP, DONALD J.",REPUBLICAN,False,335593,771892
2016,MAINE,ME,23,11,2,US PRESIDENT,"JOHNSON, GARY",LIBERTARIAN,False,38105,771892
2016,MAINE,ME,23,11,2,US PRESIDENT,BLANK VOTE,,False,23965,771892
2016,MAINE,ME,23,11,2,US PRESIDENT,"STEIN, JILL",GREEN,False,14251,771892
2016,MAINE,ME,23,11,2,US PRESIDENT,,UNENROLLED,False,2243,771892
2016,MARYLAND,MD,24,52,52,US PRESIDENT,"CLINTON, HILLARY",DEMOCRAT,False,1677928,2781446
2016,MARYLAND,MD,24,52,52,US PRESIDENT,"TRUMP, DONALD J.",REPUBLICAN,False,943169,2781446
2016,MARYLAND,MD,24,52,52,US PRESIDENT,"JOHNSON, GARY",LIBERTARIAN,False,79605,2781446
2016,MARYLAND,MD,24,52,52,US PRESIDENT,"STEIN, JILL",GREEN,False,35945,2781446
2016,MARYLAND,MD,24,52,52,US PRESIDENT,,,True,33263,2781446
2016,MARYLAND,MD,24,52,52,US PRESIDENT,OTHER,,True,10921,2781446
2016,MARYLAND,MD,24,52,52,US PRESIDENT,,NO PARTY AFFILIATION,True,278,2781446
2016,MARYLAND,MD,24,52,52,US PRESIDENT,"TRUMP, DONALD J.",REPUBLICAN,True,259,2781446
2016,MARYLAND,MD,24,52,52,US PRESIDENT,"CLINTON, HILLARY",DEMOCRAT,True,78,2781446
2016,MASSACHUSETTS,MA,25,14,3,US PRESIDENT,"CLINTON, HILLARY",DEMOCRAT,False,1995196,3378821
2016,MASSACHUSETTS,MA,25,14,3,US PRESIDENT,"TRUMP, DONALD J.",REPUBLICAN,False,1090893,3378821
2016,MASSACHUSETTS,MA,25,14,3,US PRESIDENT,"JOHNSON, GARY",LIBERTARIAN,False,138018,3378821
2016,MASSACHUSETTS,MA,25,14,3,US PRESIDENT,BLANK VOTE,,False,53775,3378821
2016,MASSACHUSETTS,MA,25,14,3,US PRESIDENT,OTHER,,False,50488,3378821
2016,MASSACHUSETTS,MA,25,14,3,US PRESIDENT,"STEIN, JILL",GREEN,False,47661,3378821
2016,MASSACHUSETTS,MA,25,14,3,US PRESIDENT,,,True,2790,3378821
2016,MICHIGAN,MI,26,34,23,US PRESIDENT,"TRUMP, DONALD J.",REPUBLICAN,False,2279543,4799284
2016,MICHIGAN,MI,26,34,23,US PRESIDENT,"CLINTON, HILLARY",DEMOCRAT,False,2268839,4799284
2016,MICHIGAN,MI,26,34,23,US PRESIDENT,"JOHNSON, GARY",LIBERTARIAN,False,172136,4799284
2016,MICHIGAN,MI,26,34,23,US PRESIDENT,"STEIN, JILL",GREEN,False,51463,4799284
2016,MICHIGAN,MI,26,34,23,US PRESIDENT,"CASTLE, DARRELL L.",U.S. TAXPAYERS PARTY,False,16139,4799284
2016,MICHIGAN,MI,26,34,23,US PRESIDENT,,,True,8955,4799284
2016,MICHIGAN,MI,26,34,23,US PRESIDENT,"EMIDIO """"MIMI"""", SOLTYSIK",NATURAL LAW,False,2209,4799284
2016,MINNESOTA,MN,27,41,33,US PRESIDENT,"CLINTON, HILLARY",DEMOCRAT,False,1367705,2944782
2016,MINNESOTA,MN,27,41,33,US PRESIDENT,"TRUMP, DONALD J.",REPUBLICAN,False,1322949,2944782
2016,MINNESOTA,MN,27,41,33,US PRESIDENT,"JOHNSON, GARY",LIBERTARIAN,False,112972,2944782
2016,MINNESOTA,MN,27,41,33,US PRESIDENT,"MCMULLIN, EVAN",INDEPENDENCE,False,53075,2944782
2016,MINNESOTA,MN,27,41,33,US PRESIDENT,"STEIN, JILL",GREEN,False,36986,2944782
2016,MINNESOTA,MN,27,41,33,US PRESIDENT,,,True,27247,2944782
2016,MINNESOTA,MN,27,41,33,US PRESIDENT,"VACEK, DAN",LEGAL MARIJUANA NOW,False,11291,2944782
2016,MINNESOTA,MN,27,41,33,US PRESIDENT,"CASTLE, DARRELL L.",CONSTITUTION PARTY,False,9456,2944782
2016,MINNESOTA,MN,27,41,33,US PRESIDENT,"KENNEDY, ALYSON",SOCIALIST WORKERS,False,1671,2944782
2016,MINNESOTA,MN,27,41,33,US PRESIDENT,"DE LA FUENTE, ROQUE """"ROCKY""""",AMERICAN DELTA PARTY,False,1430,2944782
2016,MISSISSIPPI,MS,28,64,46,US PRESIDENT,"TRUMP, DONALD J.",REPUBLICAN,False,700714,1209357
2016,MISSISSIPPI,MS,28,64,46,US PRESIDENT,"CLINTON, HILLARY",DEMOCRAT,False,485131,1209357
2016,MISSISSIPPI,MS,28,64,46,US PRESIDENT,"JOHNSON, GARY",LIBERTARIAN,False,14435,1209357
2016,MISSISSIPPI,MS,28,64,46,US PRESIDENT,"CASTLE, DARRELL L.",CONSTITUTION PARTY,False,3987,1209357
2016,MISSISSIPPI,MS,28,64,46,US PRESIDENT,"STEIN, JILL",GREEN,False,3731,1209357
2016,MISSISSIPPI,MS,28,64,46,US PRESIDENT,"HEDGES, JAMES",PROHIBITION,False,715,1209357
2016,MISSISSIPPI,MS,28,64,46,US PRESIDENT,"DE LA FUENTE, ROQUE """"ROCKY""""",AMERICAN DELTA PARTY,False,644,1209357
2016,MISSOURI,MO,29,43,34,US PRESIDENT,"TRUMP, DONALD J.",REPUBLICAN,False,1594511,2808605
2016,MISSOURI,MO,29,43,34,US PRESIDENT,"CLINTON, HILLARY",DEMOCRAT,False,1071068,2808605
2016,MISSOURI,MO,29,43,34,US PRESIDENT,"JOHNSON, GARY",LIBERTARIAN,False,97359,2808605
2016,MISSOURI,MO,29,43,34,US PRESIDENT,"STEIN, JILL",GREEN,False,25419,2808605
2016,MISSOURI,MO,29,43,34,US PRESIDENT,"CASTLE, DARRELL L.",CONSTITUTION PARTY,False,13092,2808605
2016,MISSOURI,MO,29,43,34,US PRESIDENT,,,True,7156,2808605
2016,MONTANA,MT,30,81,64,US PRESIDENT,"TRUMP, DONALD J.",REPUBLICAN,False,279240,494526
2016,MONTANA,MT,30,81,64,US PRESIDENT,"CLINTON, HILLARY",DEMOCRAT,False,177709,494526
2016,MONTANA,MT,30,81,64,US PRESIDENT,"JOHNSON, GARY",LIBERTARIAN,False,28037,494526
2016,MONTANA,MT,30,81,64,US PRESIDENT,"STEIN, JILL",GREEN,False,7970,494526
2016,MONTANA,MT,30,81,64,US PRESIDENT,"DE LA FUENTE, ROQUE """"ROCKY""""",AMERICAN DELTA PARTY,False,1570,494526
2016,NEBRASKA,NE,31,46,35,US PRESIDENT,"TRUMP, DONALD J.",REPUBLICAN,False,495961,844227
2016,NEBRASKA,NE,31,46,35,US PRESIDENT,"CLINTON, HILLARY",DEMOCRAT,False,284494,844227
2016,NEBRASKA,NE,31,46,35,US PRESIDENT,"JOHNSON, GARY",LIBERTARIAN,False,38946,844227
2016,NEBRASKA,NE,31,46,35,US PRESIDENT,,,True,16051,844227
2016,NEBRASKA,NE,31,46,35,US PRESIDENT,"STEIN, JILL",NOMINATED BY PETITION,False,8775,844227
2016,NEVADA,NV,32,88,65,US PRESIDENT,"CLINTON, HILLARY",DEMOCRAT,False,539260,1125385
2016,NEVADA,NV,32,88,65,US PRESIDENT,"TRUMP, DONALD J.",REPUBLICAN,False,512058,1125385
2016,NEVADA,NV,32,88,65,US PRESIDENT,"JOHNSON, GARY",LIBERTARIAN,False,37384,1125385
2016,NEVADA,NV,32,88,65,US PRESIDENT,NONE OF THE ABOVE,,False,28863,1125385
2016,NEVADA,NV,32,88,65,US PRESIDENT,"KOPITKE, KYLE KENLEY",INDEPENDENT AMERICAN,False,5268,1125385
2016,NEVADA,NV,32,88,65,US PRESIDENT,"DE LA FUENTE, ROQUE """"ROCKY""""",NO PARTY AFFILIATION,False,2552,1125385
2016,NEW HAMPSHIRE,NH,33,12,4,US PRESIDENT,"CLINTON, HILLARY",DEMOCRAT,False,348526,744296
2016,NEW HAMPSHIRE,NH,33,12,4,US PRESIDENT,"TRUMP, DONALD J.",REPUBLICAN,False,345790,744296
2016,NEW HAMPSHIRE,NH,33,12,4,US PRESIDENT,"JOHNSON, GARY",LIBERTARIAN,False,30777,744296
2016,NEW HAMPSHIRE,NH,33,12,4,US PRESIDENT,,,True,9618,744296
2016,NEW HAMPSHIRE,NH,33,12,4,US PRESIDENT,"STEIN, JILL",GREEN,False,6496,744296
2016,NEW HAMPSHIRE,NH,33,12,4,US PRESIDENT,SCATTERING,,True,2411,744296
2016,NEW HAMPSHIRE,NH,33,12,4,US PRESIDENT,"DE LA FUENTE, ROQUE """"ROCKY""""",AMERICAN DELTA PARTY,False,678,744296
2016,NEW JERSEY,NJ,34,22,12,US PRESIDENT,"CLINTON, HILLARY",DEMOCRAT,False,2148278,3874046
2016,NEW JERSEY,NJ,34,22,12,US PRESIDENT,"TRUMP, DONALD J.",REPUBLICAN,False,1601933,3874046
2016,NEW JERSEY,NJ,34,22,12,US PRESIDENT,"JOHNSON, GARY",LIBERTARIAN,False,72477,3874046
2016,NEW JERSEY,NJ,34,22,12,US PRESIDENT,"STEIN, JILL",GREEN,False,37772,3874046
2016,NEW JERSEY,NJ,34,22,12,US PRESIDENT,"CASTLE, DARRELL L.",CONSTITUTION PARTY,False,6161,3874046
2016,NEW JERSEY,NJ,34,22,12,US PRESIDENT,"KENNEDY, ALYSON",SOCIALIST WORKERS,False,2156,3874046
2016,NEW JERSEY,NJ,34,22,12,US PRESIDENT,"DE LA FUENTE, ROQUE """"ROCKY""""",AMERICAN DELTA PARTY,False,1838,3874046
2016,NEW JERSEY,NJ,34,22,12,US PRESIDENT,"MOOREHEAD, MONICA",WORKERS WORLD PARTY,False,1749,3874046
2016,NEW JERSEY,NJ,34,22,12,US PRESIDENT,"LA RIVA, GLORIA ESTELLA",SOCIALISM AND LIBERATION PARTY,False,1682,3874046
2016,NEW MEXICO,NM,35,85,66,US PRESIDENT,"CLINTON, HILLARY",DEMOCRAT,False,385234,798319
2016,NEW MEXICO,NM,35,85,66,US PRESIDENT,"TRUMP, DONALD J.",REPUBLICAN,False,319667,798319
2016,NEW MEXICO,NM,35,85,66,US PRESIDENT,"JOHNSON, GARY",LIBERTARIAN,False,74541,798319
2016,NEW MEXICO,NM,35,85,66,US PRESIDENT,"STEIN, JILL",GREEN,False,9879,798319
2016,NEW MEXICO,NM,35,85,66,US PRESIDENT,"MCMULLIN, EVAN",BETTER FOR AMERICA,False,5825,798319
2016,NEW MEXICO,NM,35,85,66,US PRESIDENT,"CASTLE, DARRELL L.",CONSTITUTION PARTY,False,1514,798319
2016,NEW MEXICO,NM,35,85,66,US PRESIDENT,"LA RIVA, GLORIA ESTELLA",SOCIALISM AND LIBERATION PARTY,False,1184,798319
2016,NEW MEXICO,NM,35,85,66,US PRESIDENT,"DE LA FUENTE, ROQUE """"ROCKY""""",AMERICAN DELTA PARTY,False,475,798319
2016,NEW YORK,NY,36,21,13,US PRESIDENT,"CLINTON, HILLARY",DEMOCRAT,False,4379789,7802084
2016,NEW YORK,NY,36,21,13,US PRESIDENT,"TRUMP, DONALD J.",REPUBLICAN,False,2527142,7802084
2016,NEW YORK,NY,36,21,13,US PRESIDENT,"TRUMP, DONALD J.",CONSERVATIVE,False,292392,7802084
2016,NEW YORK,NY,36,21,13,US PRESIDENT,"CLINTON, HILLARY",WORKING FAMILIES,False,140041,7802084
2016,NEW YORK,NY,36,21,13,US PRESIDENT,"JOHNSON, GARY",INDEPENDENCE,False,119156,7802084
2016,NEW YORK,NY,36,21,13,US PRESIDENT,"STEIN, JILL",GREEN,False,107934,7802084
2016,NEW YORK,NY,36,21,13,US PRESIDENT,BLANK VOTE,,False,77179,7802084
2016,NEW YORK,NY,36,21,13,US PRESIDENT,"JOHNSON, GARY",LIBERTARIAN,False,57442,7802084
2016,NEW YORK,NY,36,21,13,US PRESIDENT,SCATTERING,,False,48447,7802084
2016,NEW YORK,NY,36,21,13,US PRESIDENT,"CLINTON, HILLARY",WOMEN'S EQUALITY,False,36294,7802084
2016,NEW YORK,NY,36,21,13,US PRESIDENT,,,True,12816,7802084
2016,NEW YORK,NY,36,21,13,US PRESIDENT,VOID VOTE,,False,3452,7802084
2016,NORTH CAROLINA,NC,37,56,47,US PRESIDENT,"TRUMP, DONALD J.",REPUBLICAN,False,2362631,4741564
2016,NORTH CAROLINA,NC,37,56,47,US PRESIDENT,"CLINTON, HILLARY",DEMOCRAT,False,2189316,4741564
2016,NORTH CAROLINA,NC,37,56,47,US PRESIDENT,"JOHNSON, GARY",LIBERTARIAN,False,130126,4741564
2016,NORTH CAROLINA,NC,37,56,47,US PRESIDENT,SCATTERING,,True,47386,4741564
2016,NORTH CAROLINA,NC,37,56,47,US PRESIDENT,,,True,12105,4741564
2016,NORTH DAKOTA,ND,38,44,36,US PRESIDENT,"TRUMP, DONALD J.",REPUBLICAN,False,216794,344360
2016,NORTH DAKOTA,ND,38,44,36,US PRESIDENT,"CLINTON, HILLARY",DEMOCRAT,False,93758,344360
2016,NORTH DAKOTA,ND,38,44,36,US PRESIDENT,"JOHNSON, GARY",LIBERTARIAN,False,21434,344360
2016,NORTH DAKOTA,ND,38,44,36,US PRESIDENT,,,True,6397,344360
2016,NORTH DAKOTA,ND,38,44,36,US PRESIDENT,"STEIN, JILL",GREEN,False,3780,344360
2016,NORTH DAKOTA,ND,38,44,36,US PRESIDENT,"CASTLE, DARRELL L.",CONSTITUTION PARTY,False,1833,344360
2016,NORTH DAKOTA,ND,38,44,36,US PRESIDENT,"DE LA FUENTE, ROQUE """"ROCKY""""",AMERICAN DELTA PARTY,False,364,344360
2016,OHIO,OH,39,31,24,US PRESIDENT,"TRUMP, DONALD J.",REPUBLICAN,False,2841005,5496487
2016,OHIO,OH,39,31,24,US PRESIDENT,"CLINTON, HILLARY",DEMOCRAT,False,2394164,5496487
2016,OHIO,OH,39,31,24,US PRESIDENT,,NO PARTY AFFILIATION,False,198733,5496487
2016,OHIO,OH,39,31,24,US PRESIDENT,"STEIN, JILL",GREEN,False,46271,5496487
2016,OHIO,OH,39,31,24,US PRESIDENT,,,True,16314,5496487
2016,OKLAHOMA,OK,40,73,53,US PRESIDENT,"TRUMP, DONALD J.",REPUBLICAN,False,949136,1452992
2016,OKLAHOMA,OK,40,73,53,US PRESIDENT,"CLINTON, HILLARY",DEMOCRAT,False,420375,1452992
2016,OKLAHOMA,OK,40,73,53,US PRESIDENT,"JOHNSON, GARY",LIBERTARIAN,False,83481,1452992
2016,OREGON,OR,41,92,72,US PRESIDENT,"CLINTON, HILLARY",DEMOCRAT,False,1002106,2001336
2016,OREGON,OR,41,92,72,US PRESIDENT,"TRUMP, DONALD J.",REPUBLICAN,False,782403,2001336
2016,OREGON,OR,41,92,72,US PRESIDENT,"JOHNSON, GARY",LIBERTARIAN,False,94231,2001336
2016,OREGON,OR,41,92,72,US PRESIDENT,OTHER,,False,72594,2001336
2016,OREGON,OR,41,92,72,US PRESIDENT,"STEIN, JILL",GREEN,False,50002,2001336
2016,PENNSYLVANIA,PA,42,23,14,US PRESIDENT,"TRUMP, DONALD J.",REPUBLICAN,False,2970733,6115402
2016,PENNSYLVANIA,PA,42,23,14,US PRESIDENT,"CLINTON, HILLARY",DEMOCRAT,False,2926441,6115402
2016,PENNSYLVANIA,PA,42,23,14,US PRESIDENT,"JOHNSON, GARY",LIBERTARIAN,False,146715,6115402
2016,PENNSYLVANIA,PA,42,23,14,US PRESIDENT,"STEIN, JILL",GREEN,False,49941,6115402
2016,PENNSYLVANIA,PA,42,23,14,US PRESIDENT,"CASTLE, DARRELL L.",CONSTITUTION PARTY,False,21572,6115402
2016,RHODE ISLAND,RI,44,15,5,US PRESIDENT,"CLINTON, HILLARY",DEMOCRAT,False,252525,464144
2016,RHODE ISLAND,RI,44,15,5,US PRESIDENT,"TRUMP, DONALD J.",REPUBLICAN,False,180543,464144
2016,RHODE ISLAND,RI,44,15,5,US PRESIDENT,"JOHNSON, GARY",LIBERTARIAN,False,14746,464144
2016,RHODE ISLAND,RI,44,15,5,US PRESIDENT,,,True,9439,464144
2016,RHODE ISLAND,RI,44,15,5,US PRESIDENT,"STEIN, JILL",GREEN,False,6220,464144
2016,RHODE ISLAND,RI,44,15,5,US PRESIDENT,"DE LA FUENTE, ROQUE """"ROCKY""""",AMERICAN DELTA PARTY,False,671,464144
2016,SOUTH CAROLINA,SC,45,57,48,US PRESIDENT,"TRUMP, DONALD J.",REPUBLICAN,False,1155389,2103027
2016,SOUTH CAROLINA,SC,45,57,48,US PRESIDENT,"CLINTON, HILLARY",DEMOCRAT,False,855373,2103027
2016,SOUTH CAROLINA,SC,45,57,48,US PRESIDENT,"JOHNSON, GARY",LIBERTARIAN,False,49204,2103027
2016,SOUTH CAROLINA,SC,45,57,48,US PRESIDENT,"MCMULLIN, EVAN",INDEPENDENCE,False,21016,2103027
2016,SOUTH CAROLINA,SC,45,57,48,US PRESIDENT,"STEIN, JILL",GREEN,False,13034,2103027
2016,SOUTH CAROLINA,SC,45,57,48,US PRESIDENT,"CASTLE, DARRELL L.",CONSTITUTION PARTY,False,5765,2103027
2016,SOUTH CAROLINA,SC,45,57,48,US PRESIDENT,"SKEWES, PETER",AMERICAN,False,3246,2103027
2016,SOUTH DAKOTA,SD,46,45,37,US PRESIDENT,"TRUMP, DONALD J.",REPUBLICAN,False,227721,370093
2016,SOUTH DAKOTA,SD,46,45,37,US PRESIDENT,"CLINTON, HILLARY",DEMOCRAT,False,117458,370093
2016,SOUTH DAKOTA,SD,46,45,37,US PRESIDENT,"JOHNSON, GARY",LIBERTARIAN,False,20850,370093
2016,SOUTH DAKOTA,SD,46,45,37,US PRESIDENT,"CASTLE, DARRELL L.",CONSTITUTION PARTY,False,4064,370093
2016,TENNESSEE,TN,47,62,54,US PRESIDENT,"TRUMP, DONALD J.",REPUBLICAN,False,1522925,2508027
2016,TENNESSEE,TN,47,62,54,US PRESIDENT,"CLINTON, HILLARY",DEMOCRAT,False,870695,2508027
2016,TENNESSEE,TN,47,62,54,US PRESIDENT,,INDEPENDENT,False,100618,2508027
2016,TENNESSEE,TN,47,62,54,US PRESIDENT,,,True,13789,2508027
2016,TEXAS,TX,48,74,49,US PRESIDENT,"TRUMP, DONALD J.",REPUBLICAN,False,4685047,8969226
2016,TEXAS,TX,48,74,49,US PRESIDENT,"CLINTON, HILLARY",DEMOCRAT,False,3877868,8969226
2016,TEXAS,TX,48,74,49,US PRESIDENT,"JOHNSON, GARY",LIBERTARIAN,False,283492,8969226
2016,TEXAS,TX,48,74,49,US PRESIDENT,"STEIN, JILL",GREEN,False,71558,8969226
2016,TEXAS,TX,48,74,49,US PRESIDENT,,,True,51261,8969226
2016,UTAH,UT,49,87,67,US PRESIDENT,"TRUMP, DONALD J.",REPUBLICAN,False,515211,1131317
2016,UTAH,UT,49,87,67,US PRESIDENT,"CLINTON, HILLARY",DEMOCRAT,False,310674,1131317
2016,UTAH,UT,49,87,67,US PRESIDENT,"MCMULLIN, EVAN",NO PARTY AFFILIATION,False,255060,1131317
2016,UTAH,UT,49,87,67,US PRESIDENT,"JOHNSON, GARY",LIBERTARIAN,False,39608,1131317
2016,UTAH,UT,49,87,67,US PRESIDENT,"CASTLE, DARRELL L.",CONSTITUTION PARTY,False,8032,1131317
2016,UTAH,UT,49,87,67,US PRESIDENT,"KOPITKE, KYLE KENLEY",INDEPENDENT AMERICAN,False,2732,1131317
2016,VERMONT,VT,50,13,6,US PRESIDENT,"CLINTON, HILLARY",DEMOCRAT,False,178573,320467
2016,VERMONT,VT,50,13,6,US PRESIDENT,"TRUMP, DONALD J.",REPUBLICAN,False,95369,320467
2016,VERMONT,VT,50,13,6,US PRESIDENT,,,True,22899,320467
2016,VERMONT,VT,50,13,6,US PRESIDENT,"JOHNSON, GARY",LIBERTARIAN,False,10078,320467
2016,VERMONT,VT,50,13,6,US PRESIDENT,"STEIN, JILL",GREEN,False,6758,320467
2016,VERMONT,VT,50,13,6,US PRESIDENT,BLANK VOTE,,False,4574,320467
2016,VERMONT,VT,50,13,6,US PRESIDENT,"DE LA FUENTE, ROQUE """"ROCKY""""",INDEPENDENT,False,1063,320467
2016,VERMONT,VT,50,13,6,US PRESIDENT,VOID VOTE,,False,826,320467
2016,VERMONT,VT,50,13,6,US PRESIDENT,"LA RIVA, GLORIA ESTELLA",LIBERTY UNION PARTY,False,327,320467
2016,VIRGINIA,VA,51,54,40,US PRESIDENT,"CLINTON, HILLARY",DEMOCRAT,False,1981473,3982752
2016,VIRGINIA,VA,51,54,40,US PRESIDENT,"TRUMP, DONALD J.",REPUBLICAN,False,1769443,3982752
2016,VIRGINIA,VA,51,54,40,US PRESIDENT,"JOHNSON, GARY",LIBERTARIAN,False,118274,3982752
2016,VIRGINIA,VA,51,54,40,US PRESIDENT,"MCMULLIN, EVAN",INDEPENDENT,False,54054,3982752
2016,VIRGINIA,VA,51,54,40,US PRESIDENT,,,True,31870,3982752
2016,VIRGINIA,VA,51,54,40,US PRESIDENT,"STEIN, JILL",GREEN,False,27638,3982752
2016,WASHINGTON,WA,53,91,73,US PRESIDENT,"CLINTON, HILLARY",DEMOCRAT,False,1742718,3317019
2016,WASHINGTON,WA,53,91,73,US PRESIDENT,"TRUMP, DONALD J.",REPUBLICAN,False,1221747,3317019
2016,WASHINGTON,WA,53,91,73,US PRESIDENT,"JOHNSON, GARY",LIBERTARIAN,False,160879,3317019
2016,WASHINGTON,WA,53,91,73,US PRESIDENT,,,True,107805,3317019
2016,WASHINGTON,WA,53,91,73,US PRESIDENT,"STEIN, JILL",GREEN,False,58417,3317019
2016,WASHINGTON,WA,53,91,73,US PRESIDENT,"CASTLE, DARRELL L.",CONSTITUTION PARTY,False,17623,3317019
2016,WASHINGTON,WA,53,91,73,US PRESIDENT,"KENNEDY, ALYSON",SOCIALIST WORKERS,False,4307,3317019
2016,WASHINGTON,WA,53,91,73,US PRESIDENT,"LA RIVA, GLORIA ESTELLA",SOCIALISM AND LIBERATION PARTY,False,3523,3317019
2016,WEST VIRGINIA,WV,54,55,56,US PRESIDENT,"TRUMP, DONALD J.",REPUBLICAN,False,489371,713051
2016,WEST VIRGINIA,WV,54,55,56,US PRESIDENT,"CLINTON, HILLARY",DEMOCRAT,False,188794,713051
2016,WEST VIRGINIA,WV,54,55,56,US PRESIDENT,"JOHNSON, GARY",LIBERTARIAN,False,23004,713051
2016,WEST VIRGINIA,WV,54,55,56,US PRESIDENT,"STEIN, JILL",GREEN,False,8075,713051
2016,WEST VIRGINIA,WV,54,55,56,US PRESIDENT,"CASTLE, DARRELL L.",CONSTITUTION PARTY,False,3807,713051
2016,WISCONSIN,WI,55,35,25,US PRESIDENT,"TRUMP, DONALD J.",REPUBLICAN,False,1405284,2976150
2016,WISCONSIN,WI,55,35,25,US PRESIDENT,"CLINTON, HILLARY",DEMOCRAT,False,1382536,2976150
2016,WISCONSIN,WI,55,35,25,US PRESIDENT,"JOHNSON, GARY",LIBERTARIAN,False,106674,2976150
2016,WISCONSIN,WI,55,35,25,US PRESIDENT,"STEIN, JILL",GREEN,False,31072,2976150
2016,WISCONSIN,WI,55,35,25,US PRESIDENT,SCATTERING,,False,22764,2976150
2016,WISCONSIN,WI,55,35,25,US PRESIDENT,,,True,12386,2976150
2016,WISCONSIN,WI,55,35,25,US PRESIDENT,"CASTLE, DARRELL L.",CONSTITUTION PARTY,False,12162,2976150
2016,WISCONSIN,WI,55,35,25,US PRESIDENT,"MOOREHEAD, MONICA",WORKERS WORLD PARTY,False,1770,2976150
2016,WISCONSIN,WI,55,35,25,US PRESIDENT,"DE LA FUENTE, ROQUE """"ROCKY""""",AMERICAN DELTA PARTY,False,1502,2976150
2016,WYOMING,WY,56,83,68,US PRESIDENT,"TRUMP, DONALD J.",REPUBLICAN,False,174419,258788
2016,WYOMING,WY,56,83,68,US PRESIDENT,"CLINTON, HILLARY",DEMOCRAT,False,55973,258788
2016,WYOMING,WY,56,83,68,US PRESIDENT,"JOHNSON, GARY",LIBERTARIAN,False,13287,258788
2016,WYOMING,WY,56,83,68,US PRESIDENT,,,True,6904,258788
2016,WYOMING,WY,56,83,68,US PRESIDENT,,INDEPENDENT,False,3224,258788
2016,WYOMING,WY,56,83,68,US PRESIDENT,BLANK VOTE,,False,2661,258788
2016,WYOMING,WY,56,83,68,US PRESIDENT,"CASTLE, DARRELL L.",CONSTITUTION PARTY,False,2042,258788
2016,WYOMING,WY,56,83,68,US PRESIDENT,OVER VOTE,,False,278,258788
